<beans xmlns="http://www.springframework.org/schema/beans" 
xmlns:xsi="http://www.w3.org/2001/XMLSchema-instance" 
xsi:schemaLocation="http://www.springframework.org/schema/beans
http://www.springframework.org/schema/beans/spring-beans-4.0.xsd">
    
    
    
    
     <bean id="custObj" class="com.spring.app.Customer">
        <constructor-arg value="10"/>
        <constructor-arg value="sathya"/>
        <constructor-arg value="sathya@gmail.com"/>
        <constructor-arg value="8500089045"/>
    </bean>
    <bean id="membean" class="com.spring.app.MemberShip">
        <constructor-arg value="101"/>
        <constructor-arg value="gold"/>
        <constructor-arg value="10"/>
        <constructor-arg ref="custObj"/>
    </bean>

  
  
</beans>